<?xml version="1.0" encoding="UTF-8"?>
<project-private xmlns="http://www.netbeans.org/ns/project-private/1">
    <editor-bookmarks xmlns="http://www.netbeans.org/ns/editor-bookmarks/2" lastBookmarkId="0"/>
    <open-files xmlns="http://www.netbeans.org/ns/projectui-open-files/2">
        <group>
            <file>file:/C:/Users/MRGDFK/Downloads/VERSITY/SD/2.1/SD/SEN_pi_Browser/src/sen_pi_browser/SEN_pi_Browser.java</file>
            <file>file:/C:/Users/MRGDFK/Downloads/VERSITY/SD/2.1/SD/SEN_pi_Browser/src/sen_pi_browser/Browser.fxml</file>
            <file>file:/C:/Users/MRGDFK/Downloads/VERSITY/SD/2.1/SD/SEN_pi_Browser/src/sen_pi_browser/BrowserController.java</file>
            <file>file:/C:/Users/MRGDFK/Downloads/VERSITY/SD/2.1/SD/SEN_pi_Browser/src/sen_pi_browser/design.css</file>
            <file>file:/C:/Users/MRGDFK/Downloads/VERSITY/SD/2.1/SD/SEN_pi_Browser/src/sen_pi_browser/LoginController.java</file>
        </group>
    </open-files>
</project-private>
